{
    "openapi": "3.0.0",
    "info": {
        "title": "Your super  ApplicationAPI",
        "version": "1.0.0"
    },
    "paths": {
        "/api/documents/{id}": {
            "get": {
                "summary": "Get Patient documents by patient id",
                "operationId": "54b4faa0c233866a8dfa5fd5c24740f4",
                "parameters": [
                    {
                        "name": "id",
                        "in": "path",
                        "description": "ID of Patient",
                        "required": true,
                        "example": "1"
                    }
                ],
                "responses": {
                    "200": {
                        "description": "All Patient documents returned successfully",
                        "content": {
                            "application/json": {}
                        }
                    }
                },
                "security": [
                    {
                        "bearer_token": []
                    }
                ]
            }
        },
        "/api/upload": {
            "post": {
                "tags": [
                    "Upload Documents"
                ],
                "summary": "Upload Document to user",
                "operationId": "3b7f82f13b9e9f53cb5313ada414ac61",
                "responses": {
                    "201": {
                        "description": "Success",
                        "content": {
                            "application/json": {}
                        }
                    }
                }
            }
        },
        "/api/notes/{id}": {
            "get": {
                "summary": "Get Patient notes by patient id",
                "operationId": "3620e5d93c58d029e1ba771224ad00d7",
                "parameters": [
                    {
                        "name": "id",
                        "in": "path",
                        "description": "ID of Patient",
                        "required": true,
                        "example": "1"
                    }
                ],
                "responses": {
                    "200": {
                        "description": "All Patient notes returned successfully",
                        "content": {
                            "application/json": {}
                        }
                    }
                },
                "security": [
                    {
                        "bearer_token": []
                    }
                ]
            }
        },
        "/api/symptoms/{id}": {
            "get": {
                "summary": "Get Patient Symptoms by patient id",
                "operationId": "0e45fbde3a6fb193f70684ef99886aca",
                "parameters": [
                    {
                        "name": "id",
                        "in": "path",
                        "description": "ID of Patient",
                        "required": true,
                        "example": "1"
                    }
                ],
                "responses": {
                    "200": {
                        "description": "All Patient Symptoms returned successfully",
                        "content": {
                            "application/json": {}
                        }
                    }
                },
                "security": [
                    {
                        "bearer_token": []
                    }
                ]
            }
        }
    },
    "components": {
        "securitySchemes": {
            "sanctum": {
                "type": "apiKey",
                "description": "Enter token in format (Bearer <token>)",
                "name": "Authorization",
                "in": "header"
            }
        }
    }
}